{
    "general": {
        "calls": [
            "clm",
            "climate"
        ],
        "arguments": {
            "cli-path": {
                "name": "Cli Path",
                "description": "Path to the cli.json file.",
                "type": "str",
                "default": "cli.json"
            },
            "cli-dir": {
                "name": "Cli Dir",
                "description": "Directory Path To Where The Cli File",
                "type": "str",
                "default": ""
            },
            "command-name": {
                "name": "Command Names",
                "description": "Choice of command from cli.json file",
                "type": "choices",
                "map": "read {cli-path}, get keys {commands}"
            },
            "arg-amount": {
                "name": "Argument Amounts",
                "type": "int",
                "description": "Number of arguments to add",
                "default": 1
            }
        }
    },
    "commands": {
        "new-app": {
            "name": "New Command Line Application",
            "description": "Starts The Command Line Application, Creating Cli File",
            "target": {
                "type": "function",
                "module-name": "core.actions",
                "function-name": "new_application"
            },
            "arguments": {
                "cli-dir": {
                    "name": "Cli Directory",
                    "description": "Directory For Cli File",
                    "type": "str",
                    "default": ""
                }
            }
        },
        "new-command": {
            "name": "New Command For Cli File",
            "description": "Add new command to the cli file.",
            "target": {
                "type": "function",
                "module-name": "core.actions",
                "function-name": "new_command"
            },
            "arguments": {
                "cli-path": "cli-path",
                "arg-amount": "arg-amount",
                "target-type": {
                    "name": "Target Type",
                    "type": "choices",
                    "description": "Choice of targets.",
                    "choices": {
                        "--class": "Class Target Type",
                        "--method": "Method Target Type",
                        "--function": "Function Target Type"
                    },
                    "fallback": "Add Target Later"
                }
            }
        },
        "new-argument": {
            "name": "New Argument For Existing Argument",
            "description": "Add new argument to an existing command.",
            "target": {
                "type": "function",
                "module-name": "core.actions",
                "function-name": "new_argument"
            },
            "arguments": {
                "cli-path": "cli-path",
                "command-name": "command-name",
                "arg-amount": "arg-amount"
            }
        },"remove-command": {
            "name": "Remove Command",
            "description": "Remove An Existing Command",
            "target": {
                "type": "function",
                "module-name": "core.actions",
                "function-name": "remove_command"
            },
            "arguments": {
                "cli-path": "cli-path",
                "command-name": "command-name"
            }
        },
        "remove-argument": {
            "name": "Remove Command Argument",
            "description": "Remove argument from existing command.",
            "target": {
                "type": "function",
                "module-name": "core.actions",
                "function-name": "remove_argument"
            },
            "arguments": {
                "cli-path": "cli-path",
                "command-name": "command-name",
                "argument-name": {
                    "name": "Argument Name",
                    "type": "choices",
                    "description": "Name (key) of desired argument.",
                    "map": "read {cli-path}, get keys {commands|command-name|arguments}"
                }
            }
        }
    }

}
